id,class_room_id,dayoftheWeek,from,to
1,73,mon,09:00,10:15
2,73,wed,10:30,11:45
3,48,tue,09:00,10:15
4,48,thu,09:00,10:15
5,45,wed,09:00,10:15
6,45,fri,09:00,10:15
7,73,tue,12:00,13:15
8,73,thu,12:00,13:15
9,63,mon,15:00,16:15
10,63,wed,16:30,17:45
11,61,mon,12:00,13:15
12,61,fri,10:30,11:45
13,74,wed,15:00,16:15
14,74,fri,15:00,16:15
15,76,tue,10:30,11:45
16,76,thu,10:30,11:45
17,22,tue,15:00,16:15
18,22,thu,15:00,16:15
19,67,mon,13:30,14:45
20,67,fri,12:00,13:15
21,81,tue,13:30,14:45
22,81,thu,13:30,14:45
23,74,mon,13:30,14:45
24,74,fri,12:00,13:15
25,73,mon,10:30,11:45
26,73,wed,12:00,13:15
27,81,wed,09:00,10:15
28,81,fri,09:00,10:15
29,81,tue,16:30,17:45
30,81,thu,16:30,17:45
31,74,mon,16:30,17:45
32,74,fri,16:30,17:45
33,81,wed,13:30,14:45
34,81,fri,13:30,14:45
35,77,tue,15:00,16:15
36,77,thu,15:00,16:15
37,75,tue,10:30,11:45
38,75,thu,10:30,11:45
39,80,mon,15:00,16:15
40,80,wed,16:30,17:45
41,70,wed,15:00,16:15
42,70,fri,15:00,16:15
43,74,mon,10:30,11:45
44,74,wed,12:00,13:15
45,20,tue,16:30,17:45
46,20,thu,16:30,17:45
47,64,wed,13:30,14:45
48,64,fri,13:30,14:45
49,54,thu,18:00,20:45
50,52,tue,15:00,18:00
51,83,mon,14:00,17:00
52,79,tue,15:00,16:15
53,79,thu,15:00,16:15
54,80,mon,09:00,10:15
55,80,wed,10:30,11:45
56,70,tue,12:00,13:15
57,70,thu,12:00,13:15
58,64,tue,13:30,14:45
59,64,thu,13:30,14:45
60,48,wed,15:00,16:15
61,48,fri,15:00,16:15
62,70,tue,15:00,16:15
63,70,thu,15:00,16:15
64,81,mon,13:30,14:45
65,81,fri,12:00,13:15
66,79,mon,16:30,17:45
67,79,fri,16:30,17:45
68,62,tue,12:00,13:15
69,62,thu,12:00,13:15
70,45,mon,13:30,14:45
71,45,fri,12:00,13:15
72,80,tue,10:30,11:45
73,80,thu,10:30,11:45
74,78,tue,15:00,16:15
75,78,thu,15:00,16:15
76,70,tue,10:30,11:45
77,70,thu,10:30,11:45
78,73,mon,15:00,16:15
79,73,wed,16:30,17:45
80,56,tue,16:30,18:15
81,66,tue,09:00,10:15
82,66,thu,09:00,10:15
83,78,mon,10:30,11:45
84,78,wed,12:00,13:15
85,74,wed,13:30,14:45
86,74,fri,13:30,14:45
87,62,tue,09:00,10:15
88,62,thu,09:00,10:15
89,76,tue,13:30,14:45
90,76,thu,13:30,14:45
91,85,wed,15:00,18:00
92,84,thu,15:00,18:00
93,77,mon,10:30,11:45
94,77,wed,12:00,13:15
95,45,wed,15:00,16:15
96,45,fri,15:00,16:15
97,66,mon,16:30,17:45
98,66,fri,16:30,17:45
99,48,wed,09:00,10:15
100,48,fri,09:00,10:15
101,62,tue,10:30,11:45
102,62,thu,10:30,11:45
103,48,mon,10:30,11:45
104,48,wed,12:00,13:15
105,67,wed,13:30,14:45
106,67,fri,13:30,14:45
107,45,tue,15:00,16:15
108,45,thu,15:00,16:15
109,70,mon,10:30,11:45
110,70,wed,12:00,13:15
111,74,tue,12:00,13:15
112,74,thu,12:00,13:15
113,45,tue,12:00,13:15
114,45,thu,12:00,13:15
115,74,tue,13:30,14:45
116,74,thu,13:30,14:45
117,79,mon,15:00,16:15
118,79,wed,16:30,17:45
119,75,tue,15:00,16:15
120,75,thu,15:00,16:15
121,73,tue,09:00,10:15
122,73,thu,09:00,10:15
123,75,tue,16:30,17:45
124,75,thu,16:30,17:45
125,78,mon,15:00,18:00
126,161,wed,15:30,17:20
127,161,mon,15:00,16:50
128,161,mon,17:00,18:50
129,161,wed,13:30,15:20
130,161,fri,13:30,15:20
131,161,fri,15:30,17:20
132,162,mon,09:00,10:15
133,162,wed,10:30,11:45
134,90,tue,13:30,14:45
135,90,thu,13:30,14:45
136,162,wed,13:30,14:45
137,162,fri,13:30,14:45
138,166,tue,15:00,16:15
139,166,thu,15:00,16:15
140,163,mon,09:00,10:15
141,163,wed,10:30,11:45
142,162,mon,10:30,11:45
143,162,wed,12:00,13:15
144,162,tue,10:30,11:45
145,162,thu,10:30,11:45
146,166,tue,10:30,11:45
147,166,thu,10:30,11:45
148,166,wed,13:30,14:45
149,166,fri,13:30,14:45
150,163,wed,09:00,10:15
151,163,fri,09:00,10:15
152,163,wed,13:30,14:45
153,163,fri,13:30,14:45
154,166,tue,09:00,10:15
155,166,thu,09:00,10:15
156,166,mon,09:00,10:15
157,166,wed,10:30,11:45
158,162,tue,09:00,10:15
159,162,thu,09:00,10:15
160,165,tue,13:30,14:45
161,165,thu,13:30,14:45
162,162,tue,12:00,13:15
163,162,thu,12:00,13:15
164,167,tue,15:00,16:15
165,167,thu,15:00,16:15
166,163,mon,10:30,11:45
167,163,wed,12:00,13:15
168,164,tue,13:30,14:45
169,164,thu,13:30,14:45
170,163,mon,12:00,13:15
171,163,fri,10:30,11:45
172,164,mon,10:30,11:45
173,164,wed,12:00,13:15
174,147,mon,15:00,16:15
175,147,wed,16:30,17:45
176,146,tue,10:30,11:45
177,146,thu,10:30,11:45
178,57,tue,15:00,16:15
179,57,thu,15:00,16:15
180,57,tue,12:00,13:15
181,57,thu,12:00,13:15
182,167,mon,09:00,10:15
183,167,wed,10:30,11:45
184,160,wed,09:00,10:15
185,160,fri,09:00,10:15
186,167,mon,12:00,13:15
187,167,fri,10:30,11:45
188,100,tue,09:00,10:15
189,100,thu,09:00,10:15
190,163,tue,10:30,11:45
191,163,thu,10:30,11:45
192,167,tue,12:00,13:15
193,167,thu,12:00,13:15
194,163,tue,15:00,16:15
195,163,thu,15:00,16:15
196,167,wed,15:00,16:15
197,167,fri,15:00,16:15
198,136,mon,13:30,15:20
199,137,mon,13:30,15:20
200,136,mon,15:30,17:20
201,137,mon,15:30,17:20
202,136,mon,17:30,19:20
203,137,mon,17:30,19:20
204,136,tue,13:30,15:20
205,137,tue,13:30,15:20
206,136,tue,15:30,17:20
207,137,tue,15:30,17:20
208,136,tue,17:30,19:20
209,137,tue,17:30,19:20
210,136,wed,13:30,15:20
211,137,wed,13:30,15:20
212,136,wed,15:30,17:20
213,137,wed,15:30,17:20
214,136,thu,13:30,15:20
215,137,thu,13:30,15:20
216,136,thu,15:30,17:20
217,137,thu,15:30,17:20
218,136,thu,17:30,19:20
219,137,thu,17:30,19:20
220,136,fri,13:30,15:20
221,137,fri,13:30,15:20
222,136,fri,15:30,17:20
223,137,fri,15:30,17:20
224,164,wed,13:30,14:45
225,164,fri,13:30,14:45
226,100,mon,12:00,13:15
227,100,fri,10:30,11:45
228,163,tue,13:30,14:45
229,163,thu,13:30,14:45
230,164,tue,12:00,13:15
231,164,thu,12:00,13:15
232,167,tue,09:00,10:15
233,167,thu,09:00,10:15
234,139,mon,15:00,18:50
235,139,wed,15:00,18:50
236,139,fri,15:00,18:50
237,167,mon,10:30,11:45
238,167,wed,12:00,13:15
239,167,wed,13:30,14:45
240,167,fri,13:30,14:45
241,138,mon,15:00,18:50
242,138,wed,15:00,18:50
243,138,fri,15:00,18:50
244,163,wed,15:00,16:15
245,163,fri,15:00,16:15
246,167,tue,13:30,14:45
247,167,thu,13:30,14:45
248,164,mon,13:30,14:45
249,164,fri,12:00,13:15
250,164,tue,10:30,11:45
251,164,thu,10:30,11:45
252,151,tue,16:30,17:45
253,93,tue,15:00,15:50
254,118,mon,10:30,11:45
255,118,wed,12:00,13:15
256,112,mon,09:00,10:15
257,112,wed,10:30,11:45
258,117,mon,15:00,16:15
259,117,wed,16:30,17:45
260,106,tue,12:00,13:15
261,106,thu,12:00,13:15
262,111,mon,10:30,11:45
263,111,wed,12:00,13:15
264,109,tue,09:00,10:15
265,109,thu,09:00,10:15
266,119,mon,15:00,16:15
267,119,wed,16:30,17:45
268,109,tue,12:00,13:15
269,109,thu,12:00,13:15
270,108,wed,15:00,16:15
271,108,fri,15:00,16:15
272,108,tue,09:00,10:15
273,108,thu,09:00,10:15
274,111,tue,10:30,11:45
275,111,thu,10:30,11:45
276,113,mon,12:00,13:15
277,113,fri,10:30,11:45
278,113,tue,15:00,16:15
279,113,thu,15:00,16:15
280,108,tue,16:30,17:45
281,108,thu,16:30,17:45
282,97,mon,10:30,11:45
283,97,wed,12:00,13:15
284,110,mon,13:30,14:45
285,110,fri,12:00,13:15
286,111,tue,09:00,10:15
287,111,thu,09:00,10:15
288,104,mon,09:00,10:15
289,104,wed,10:30,11:45
290,113,wed,09:00,10:15
291,113,fri,09:00,10:15
292,113,wed,13:30,14:45
293,113,fri,13:30,14:45
294,117,tue,13:30,14:45
295,117,thu,13:30,14:45
296,117,wed,09:00,10:15
297,117,fri,09:00,10:15
298,104,tue,15:00,16:15
299,104,thu,15:00,16:15
300,104,tue,12:00,13:15
301,104,thu,12:00,13:15
302,104,wed,15:00,16:15
303,104,fri,15:00,16:15
304,119,wed,09:00,10:15
305,119,fri,09:00,10:15
306,111,wed,13:30,14:45
307,111,fri,13:30,14:45
308,108,tue,10:30,11:45
309,108,thu,10:30,11:45
310,111,wed,09:00,10:15
311,111,fri,09:00,10:15
312,106,tue,10:30,11:45
313,106,thu,10:30,11:45
314,106,tue,13:30,14:45
315,106,thu,13:30,14:45
316,104,wed,13:30,14:45
317,104,fri,13:30,14:45
318,111,mon,09:00,10:15
319,111,wed,10:30,11:45
320,104,tue,10:30,11:45
321,104,thu,10:30,11:45
322,117,wed,15:00,16:15
323,117,fri,15:00,16:15
324,108,tue,15:00,16:15
325,108,thu,15:00,16:15
326,113,mon,10:30,11:45
327,113,wed,12:00,13:15
328,97,tue,15:00,16:15
329,97,thu,15:00,16:15
330,104,mon,10:30,11:45
331,104,wed,12:00,13:15
332,115,tue,12:00,13:15
333,115,thu,12:00,13:15
334,115,tue,10:30,11:45
335,115,thu,10:30,11:45
336,104,tue,13:30,14:45
337,104,thu,13:30,14:45
338,111,wed,15:00,16:15
339,111,fri,15:00,16:15
340,104,tue,16:30,17:45
341,104,thu,16:30,17:45
342,90,mon,09:00,10:15
343,90,wed,10:30,11:45
344,117,tue,15:00,16:15
345,117,thu,15:00,16:15
346,110,mon,15:00,16:15
347,110,wed,16:30,17:45
348,115,tue,13:30,14:45
349,115,thu,13:30,14:45
350,110,mon,16:30,19:15
351,117,tue,16:30,17:45
352,117,thu,16:30,17:45
353,109,wed,13:30,14:45
354,109,fri,13:30,14:45
355,91,mon,15:00,16:15
356,91,wed,16:30,17:45
357,115,wed,13:30,14:45
358,115,fri,13:30,14:45
359,115,tue,15:00,16:15
360,115,thu,15:00,16:15
361,76,tue,12:00,13:15
362,76,thu,12:00,13:15
363,61,mon,13:30,14:45
364,61,fri,12:00,13:15
365,45,mon,10:30,11:45
366,45,wed,12:00,13:15
367,57,tue,10:30,11:45
368,57,thu,10:30,11:45
369,82,tue,13:30,14:45
370,82,thu,13:30,14:45
371,76,tue,15:00,16:15
372,76,thu,15:00,16:15
373,61,wed,15:00,16:15
374,61,fri,15:00,16:15
375,117,wed,13:30,14:45
376,117,fri,13:30,14:45
377,68,mon,15:00,16:15
378,68,wed,16:30,17:45
379,98,mon,09:00,10:15
380,98,wed,10:30,11:45
381,99,tue,09:00,10:15
382,99,thu,09:00,10:15
383,102,tue,10:30,11:45
384,102,thu,10:30,11:45
385,95,mon,13:30,16:15
386,95,mon,16:30,19:15
387,95,tue,13:30,16:15
388,95,tue,16:30,19:15
389,95,wed,13:30,16:15
390,95,wed,16:30,19:15
391,95,thu,13:30,16:15
392,95,thu,16:30,19:15
393,95,fri,13:30,16:15
394,95,fri,16:30,19:15
395,148,tue,13:30,17:15
396,148,wed,13:30,17:15
397,148,thu,13:30,17:15
398,93,tue,13:30,14:45
399,93,thu,13:30,14:45
400,102,wed,09:00,10:15
401,102,fri,09:00,10:15
402,102,mon,09:00,10:15
403,102,wed,10:30,11:45
404,100,mon,10:30,11:45
405,100,wed,12:00,13:15
406,94,mon,13:30,14:45
407,94,fri,12:00,13:15
408,103,mon,12:00,13:15
409,103,fri,10:30,11:45
410,149,tue,13:30,17:15
411,149,wed,13:30,17:15
412,149,thu,13:30,17:15
413,93,tue,10:30,11:45
414,93,thu,10:30,11:45
415,93,tue,12:00,13:15
416,93,thu,12:00,13:15
417,93,tue,15:00,15:50
418,2,mon,10:30,11:45
419,2,wed,12:00,13:15
420,93,tue,09:00,10:15
421,93,thu,09:00,10:15
422,103,mon,09:00,10:15
423,103,wed,10:30,11:45
424,87,mon,12:00,13:15
425,87,fri,10:30,11:45
426,122,tue,10:30,11:45
427,122,thu,10:30,11:45
428,128,wed,13:30,14:45
429,128,fri,13:30,14:45
430,121,mon,12:00,13:15
431,121,fri,10:30,11:45
432,121,mon,10:30,11:45
433,121,wed,12:00,13:15
434,128,mon,13:30,14:45
435,128,fri,12:00,13:15
436,120,mon,09:00,10:15
437,120,wed,10:30,11:45
438,132,tue,13:30,14:45
439,132,thu,13:30,14:45
440,120,wed,15:00,16:15
441,120,fri,15:00,16:15
442,122,wed,13:30,14:45
443,122,fri,13:30,14:45
444,120,tue,15:00,16:15
445,120,thu,15:00,16:15
446,120,tue,09:00,10:15
447,120,thu,09:00,10:15
448,133,tue,16:30,17:45
449,133,thu,16:30,17:45
450,123,tue,10:30,11:45
451,123,thu,10:30,11:45
452,124,tue,13:30,14:45
453,124,thu,13:30,14:45
454,120,tue,12:00,13:15
455,120,thu,12:00,13:15
456,131,tue,15:00,16:15
457,131,thu,15:00,16:15
458,120,mon,15:00,16:15
459,120,wed,16:30,17:45
460,133,tue,09:00,10:15
461,133,thu,09:00,10:15
462,122,tue,15:00,16:15
463,122,thu,15:00,16:15
464,120,mon,12:00,13:15
465,120,fri,10:30,11:45
466,128,tue,15:00,16:15
467,128,thu,15:00,16:15
468,131,mon,10:30,11:45
469,131,wed,12:00,13:15
470,121,tue,10:30,11:45
471,121,thu,10:30,11:45
472,121,mon,13:30,14:45
473,121,fri,12:00,13:15
474,127,mon,15:00,16:15
475,127,wed,16:30,17:45
476,121,mon,16:30,17:45
477,121,fri,16:30,17:45
478,122,tue,09:00,10:15
479,122,thu,09:00,10:15
480,133,mon,15:00,16:15
481,133,wed,16:30,17:45
482,132,mon,10:30,11:45
483,132,wed,12:00,13:15
484,120,tue,10:30,11:45
485,120,thu,10:30,11:45
486,121,tue,13:30,14:45
487,121,thu,13:30,14:45
488,133,wed,13:30,14:45
489,133,fri,13:30,14:45
490,121,wed,15:00,16:15
491,121,fri,15:00,16:15
492,129,wed,13:30,14:45
493,129,fri,13:30,14:45
494,121,mon,15:00,16:15
495,121,wed,16:30,17:45
496,132,tue,12:00,13:15
497,132,thu,12:00,13:15
498,130,wed,13:30,14:45
499,130,fri,13:30,14:45
500,121,tue,16:30,17:45
501,121,thu,16:30,17:45
502,133,tue,12:00,13:15
503,133,thu,12:00,13:15
504,122,mon,10:30,11:45
505,122,wed,12:00,13:15
506,133,tue,13:30,14:45
507,133,thu,13:30,14:45
508,126,wed,09:00,10:15
509,126,fri,09:00,10:15
510,134,mon,10:30,11:45
511,134,wed,12:00,13:15
512,132,tue,15:00,16:15
513,132,thu,15:00,16:15
514,121,tue,12:00,13:15
515,121,thu,12:00,13:15
516,121,mon,09:00,10:15
517,121,wed,10:30,11:45
518,122,tue,12:00,13:15
519,122,thu,12:00,13:15
520,132,mon,15:00,16:15
521,132,wed,16:30,17:45
522,132,tue,16:30,17:45
523,132,thu,16:30,17:45
524,126,fri,10:30,13:15
525,133,mon,10:30,11:45
526,133,wed,12:00,13:15
527,123,tue,13:30,14:45
528,123,thu,13:30,14:45
529,122,tue,16:30,17:45
530,122,thu,16:30,17:45
531,133,tue,15:00,16:15
532,133,thu,15:00,16:15
533,126,wed,15:00,16:15
534,126,fri,15:00,16:15
535,128,wed,15:00,16:15
536,128,fri,15:00,16:15
537,122,tue,13:30,14:45
538,122,thu,13:30,14:45
539,133,tue,10:30,11:45
540,133,thu,10:30,11:45
541,128,mon,16:30,17:45
542,128,fri,16:30,17:45
543,130,mon,13:30,14:45
544,130,fri,12:00,13:15
545,127,tue,13:30,14:45
546,127,thu,13:30,14:45
547,126,tue,16:30,17:45
548,126,thu,16:30,17:45
549,128,mon,12:00,13:15
550,128,fri,10:30,11:45
551,126,tue,10:30,11:45
552,126,thu,10:30,11:45
553,133,wed,15:00,16:15
554,133,fri,15:00,16:15
555,126,tue,15:00,16:15
556,126,thu,15:00,16:15
557,129,wed,15:00,16:15
558,129,fri,15:00,16:15
559,130,mon,09:00,10:15
560,130,wed,10:30,11:45
561,121,wed,13:30,14:45
562,121,fri,13:30,14:45
563,129,tue,15:00,15:50
564,129,thu,15:00,15:50
565,130,wed,15:00,16:15
566,130,fri,15:00,16:15
567,128,tue,16:30,17:45
568,128,thu,16:30,17:45
569,127,mon,10:30,11:45
570,127,wed,12:00,13:15
571,127,tue,10:30,11:45
572,127,thu,10:30,11:45
573,127,tue,16:30,17:45
574,127,thu,16:30,17:45
575,132,tue,10:30,11:45
576,132,thu,10:30,11:45
577,122,wed,15:00,16:15
578,122,fri,15:00,16:15
579,126,tue,13:30,14:45
580,126,thu,13:30,14:45
581,134,mon,15:00,16:15
582,134,wed,16:30,17:45
583,121,tue,15:00,16:15
584,121,thu,15:00,16:15
585,128,wed,18:30,21:15
586,128,mon,09:00,10:15
587,128,wed,10:30,11:45
588,128,mon,15:00,16:15
589,128,wed,16:30,17:45
590,120,mon,13:30,14:45
591,120,fri,12:00,13:15
592,122,mon,15:00,16:15
593,122,wed,16:30,17:45
594,121,tue,09:00,10:15
595,121,thu,09:00,10:15
596,120,tue,13:30,14:45
597,120,thu,13:30,14:45
598,134,tue,12:00,13:15
599,134,thu,12:00,13:15
600,134,tue,15:00,17:00
601,135,wed,16:30,19:15
602,70,mon,15:00,16:15
603,70,wed,16:30,17:45
604,64,wed,09:00,10:15
605,64,fri,09:00,10:15
606,70,mon,09:00,10:15
607,70,wed,10:30,11:45
608,80,mon,13:30,14:45
609,80,fri,12:00,13:15
610,68,tue,12:00,13:15
611,68,thu,12:00,13:15
612,2,tue,13:30,14:45
613,2,thu,13:30,14:45
614,71,mon,10:30,11:45
615,71,wed,12:00,13:15
616,73,tue,16:30,17:45
617,73,thu,16:30,17:45
618,66,wed,15:00,16:15
619,66,fri,15:00,16:15
620,79,tue,12:00,13:15
621,79,thu,12:00,13:15
622,74,tue,15:00,16:15
623,74,thu,15:00,16:15
624,71,wed,13:30,14:45
625,71,fri,13:30,14:45
626,73,tue,10:30,11:45
627,73,thu,10:30,11:45
628,79,mon,12:00,13:15
629,79,fri,10:30,11:45
630,80,tue,15:00,16:15
631,80,thu,15:00,16:15
632,73,wed,15:00,16:15
633,73,fri,15:00,16:15
634,60,tue,10:30,11:45
635,60,thu,10:30,11:45
636,73,wed,13:30,14:45
637,73,fri,13:30,14:45
638,62,mon,13:30,14:45
639,62,fri,12:00,13:15
640,62,tue,13:30,14:45
641,62,thu,13:30,14:45
642,84,tue,14:00,17:00
643,76,mon,10:30,11:45
644,76,wed,12:00,13:15
645,76,mon,15:00,16:15
646,76,wed,16:30,17:45
647,99,tue,10:30,11:45
648,99,thu,10:30,11:45
649,98,tue,13:30,14:45
650,98,thu,13:30,14:45
651,108,wed,13:30,14:45
652,108,fri,13:30,14:45
653,98,tue,10:30,11:45
654,98,thu,10:30,11:45
655,98,tue,15:00,16:15
656,98,thu,15:00,16:15
657,98,mon,10:30,11:45
658,98,wed,12:00,13:15
659,142,mon,13:30,16:15
660,140,mon,13:30,16:15
661,142,mon,16:30,19:15
662,140,mon,16:30,19:15
663,142,tue,13:30,16:15
664,140,tue,13:30,16:15
665,142,tue,16:30,19:15
666,140,tue,16:30,19:15
667,142,wed,13:30,16:15
668,140,wed,13:30,16:15
669,142,thu,13:30,16:15
670,140,thu,13:30,16:15
671,142,thu,16:30,19:15
672,140,thu,16:30,19:15
673,142,fri,13:30,16:15
674,140,fri,13:30,16:15
675,142,fri,16:30,19:15
676,140,fri,16:30,19:15
677,94,mon,09:00,10:15
678,94,wed,10:30,11:45
679,143,tue,15:00,18:50
680,143,thu,15:00,18:50
681,96,mon,12:00,13:15
682,96,fri,10:30,11:45
683,109,wed,09:00,10:15
684,109,fri,09:00,10:15
685,145,mon,15:00,18:50
686,102,tue,09:00,10:15
687,102,thu,09:00,10:15
688,110,tue,09:00,10:15
689,110,thu,09:00,10:15
690,110,tue,12:00,13:15
691,110,thu,12:00,13:15
692,141,mon,15:00,18:50
693,141,tue,15:00,18:50
694,141,thu,15:00,18:50
695,141,fri,15:00,18:50
696,94,tue,12:00,13:15
697,94,thu,12:00,13:15
698,144,mon,15:00,18:50
699,144,tue,15:00,18:50
700,144,thu,15:00,18:50
701,144,fri,15:00,18:50
702,100,wed,13:30,14:45
703,100,fri,13:30,14:45
704,93,mon,13:30,17:15
705,93,tue,15:00,15:50
706,94,tue,09:00,10:15
707,94,thu,09:00,10:15
708,108,tue,13:30,14:45
709,108,thu,13:30,14:45
710,43,mon,15:00,16:15
711,43,wed,16:30,17:45
712,43,mon,10:30,11:45
713,43,wed,12:00,13:15
714,41,mon,10:30,11:45
715,41,wed,12:00,13:15
716,43,wed,13:30,14:45
717,43,fri,13:30,14:45
718,40,tue,12:00,13:15
719,40,thu,12:00,13:15
720,126,mon,15:00,16:15
721,126,wed,16:30,17:45
722,41,fri,10:30,13:15
723,39,wed,15:00,16:15
724,39,fri,15:00,16:15
725,41,tue,10:30,11:45
726,41,thu,10:30,11:45
727,42,tue,13:30,14:45
728,42,thu,13:30,14:45
729,39,tue,15:00,16:15
730,39,thu,15:00,16:15
731,43,tue,12:00,13:15
732,43,thu,12:00,13:15
733,134,tue,13:30,14:45
734,134,thu,13:30,14:45
735,42,fri,10:30,13:15
736,41,mon,15:00,16:15
737,41,wed,16:30,17:45
738,43,tue,13:30,14:45
739,43,thu,13:30,14:45
740,41,tue,12:00,13:15
741,41,thu,12:00,13:15
742,41,wed,13:30,14:45
743,41,fri,13:30,14:45
744,40,tue,10:30,11:45
745,40,thu,10:30,11:45
746,40,mon,10:30,11:45
747,40,wed,12:00,13:15
748,42,tue,16:30,17:45
749,42,thu,16:30,17:45
750,41,wed,15:00,16:15
751,41,fri,15:00,16:15
752,42,tue,10:30,11:45
753,42,thu,10:30,11:45
754,129,tue,10:30,11:45
755,129,thu,10:30,11:45
756,42,wed,13:30,16:15
757,40,thu,13:30,16:15
758,44,thu,13:30,16:15
759,40,wed,13:30,14:45
760,40,fri,13:30,14:45
761,40,tue,13:30,16:15
762,40,wed,15:00,16:15
763,40,fri,15:00,16:15
764,39,mon,15:00,16:15
765,39,wed,16:30,17:45
766,125,tue,13:30,14:45
767,125,thu,13:30,14:45
768,44,wed,18:00,19:15
769,44,fri,18:00,19:15
770,109,thu,13:30,16:15
771,41,tue,13:30,14:45
772,41,thu,13:30,14:45
773,42,mon,15:00,16:15
774,42,wed,16:30,17:45
775,1,tue,10:30,13:15
776,75,tue,12:00,13:15
777,75,thu,12:00,13:15
778,75,tue,13:30,14:45
779,75,thu,13:30,14:45
780,51,fri,17:00,19:45
781,55,wed,16:30,19:15
782,3,wed,13:30,14:45
783,3,fri,13:30,14:45
784,3,tue,13:30,14:45
785,3,thu,13:30,14:45
786,3,mon,12:00,13:15
787,3,fri,10:30,11:45
788,3,tue,09:00,10:15
789,3,thu,09:00,10:15
790,160,wed,10:30,11:45
791,154,mon,15:00,18:50
792,154,tue,15:00,18:50
793,154,wed,15:00,18:50
794,154,thu,15:00,18:50
795,154,fri,15:00,18:50
796,101,tue,12:00,13:15
797,101,thu,12:00,13:15
798,151,wed,13:30,14:45
799,151,fri,13:30,14:45
800,4,mon,09:00,10:15
801,4,wed,10:30,11:45
802,5,tue,10:30,11:45
803,5,thu,10:30,11:45
804,3,mon,10:30,11:45
805,3,wed,12:00,13:15
806,11,mon,09:00,10:15
807,11,wed,10:30,11:45
808,13,wed,09:00,10:15
809,13,fri,09:00,10:15
810,13,mon,10:30,11:45
811,13,wed,12:00,13:15
812,151,mon,12:00,13:15
813,151,fri,10:30,11:45
814,4,wed,13:30,14:45
815,4,fri,13:30,14:45
816,12,mon,13:30,14:45
817,12,fri,12:00,13:15
818,4,tue,13:30,14:45
819,4,thu,13:30,14:45
820,151,tue,13:30,14:45
821,151,thu,13:30,14:45
822,4,mon,12:00,13:15
823,4,fri,10:30,11:45
824,11,tue,09:00,10:15
825,11,thu,09:00,10:15
826,6,wed,09:00,10:15
827,6,fri,09:00,10:15
828,6,wed,13:30,14:45
829,6,fri,13:30,14:45
830,104,mon,12:00,13:15
831,104,fri,10:30,11:45
832,104,mon,13:30,14:45
833,104,fri,12:00,13:15
834,151,mon,10:30,11:45
835,151,wed,12:00,13:15
836,5,tue,12:00,13:15
837,5,thu,12:00,13:15
838,155,mon,15:00,18:50
839,155,tue,15:00,18:50
840,155,wed,15:00,18:50
841,155,thu,15:00,18:50
842,155,fri,15:00,18:50
843,154,mon,10:30,11:45
844,154,wed,12:00,13:15
845,6,tue,10:30,11:45
846,6,thu,10:30,11:45
847,11,tue,13:30,14:45
848,11,thu,13:30,14:45
849,4,tue,12:00,13:15
850,4,thu,12:00,13:15
851,6,mon,13:30,14:45
852,6,fri,12:00,13:15
853,12,sat,09:00,11:45
854,151,thu,15:00,17:45
855,24,mon,09:00,10:15
856,24,wed,10:30,11:45
857,37,wed,15:00,16:15
858,37,fri,15:00,16:15
859,37,tue,13:30,14:45
860,37,thu,13:30,14:45
861,25,mon,16:30,17:45
862,25,fri,16:30,17:45
863,25,wed,09:00,10:15
864,25,fri,09:00,10:15
865,32,tue,12:00,13:15
866,32,thu,12:00,13:15
867,29,mon,10:30,11:45
868,29,wed,12:00,13:15
869,35,tue,10:30,11:45
870,35,thu,10:30,11:45
871,31,tue,15:00,16:15
872,31,thu,15:00,16:15
873,24,tue,16:30,17:45
874,24,thu,16:30,17:45
875,35,mon,13:30,14:45
876,35,fri,12:00,13:15
877,102,mon,16:30,17:45
878,102,fri,16:30,17:45
879,37,mon,15:00,16:15
880,37,wed,16:30,17:45
881,37,mon,09:00,10:15
882,37,wed,10:30,11:45
883,100,mon,15:00,16:15
884,100,wed,16:30,17:45
885,24,mon,12:00,13:15
886,24,fri,10:30,11:45
887,31,mon,12:00,13:15
888,31,fri,10:30,11:45
889,28,tue,09:00,10:15
890,28,thu,09:00,10:15
891,25,tue,13:30,14:45
892,25,thu,13:30,14:45
893,37,wed,13:30,14:45
894,37,fri,13:30,14:45
895,30,wed,09:00,10:15
896,30,fri,09:00,10:15
897,37,mon,10:30,11:45
898,37,wed,12:00,13:15
899,31,tue,12:00,13:15
900,31,thu,12:00,13:15
901,35,tue,09:00,10:15
902,35,thu,09:00,10:15
903,101,mon,18:00,20:45
904,99,mon,18:00,20:45
905,102,mon,18:00,20:45
906,100,mon,18:00,20:45
907,151,mon,15:00,16:15
908,151,wed,16:30,17:45
909,99,mon,15:00,16:15
910,99,wed,16:30,17:45
911,99,tue,12:00,13:15
912,99,thu,12:00,13:15
913,99,tue,13:30,14:45
914,99,thu,13:30,14:45
915,153,mon,16:30,22:15
916,153,mon,16:30,22:15
917,153,mon,16:30,22:15
918,153,mon,16:30,22:15
919,151,tue,10:30,11:45
920,151,thu,10:30,11:45
921,102,tue,12:00,13:15
922,102,thu,12:00,13:15
923,12,tue,13:30,14:45
924,12,thu,13:30,14:45
925,12,tue,16:30,17:45
926,12,thu,16:30,17:45
927,13,tue,16:30,17:45
928,13,thu,16:30,17:45
929,4,mon,15:00,16:15
930,4,wed,16:30,17:45
931,151,tue,09:00,10:15
932,151,thu,09:00,10:15
933,101,tue,15:00,16:15
934,101,thu,15:00,16:15
935,152,fri,16:30,22:15
936,152,fri,16:30,22:15
937,152,fri,16:30,22:15
938,152,fri,16:30,22:15
939,12,wed,18:00,20:45
940,11,wed,18:00,20:45
941,151,mon,13:30,14:45
942,151,fri,12:00,13:15
943,13,wed,15:00,16:15
944,13,fri,15:00,16:15
945,7,tue,10:30,11:45
946,7,thu,10:30,11:45
947,7,mon,09:00,10:15
948,7,wed,10:30,11:45
949,11,mon,10:30,11:45
950,11,wed,12:00,13:15
951,11,wed,13:30,14:45
952,11,fri,13:30,14:45
953,150,thu,16:30,22:15
954,162,mon,13:30,14:45
955,162,fri,12:00,13:15
956,68,tue,10:30,11:45
957,68,thu,10:30,11:45
958,20,tue,12:00,13:15
959,20,thu,12:00,13:15
960,81,wed,15:00,16:15
961,81,fri,15:00,16:15
962,67,mon,10:30,11:45
963,67,wed,12:00,13:15
964,78,wed,15:00,16:15
965,78,fri,15:00,16:15
966,80,wed,09:00,10:15
967,80,fri,09:00,10:15
968,61,tue,10:30,11:45
969,61,thu,10:30,11:45
970,68,tue,13:30,14:45
971,68,thu,13:30,14:45
972,75,mon,15:00,16:15
973,75,wed,16:30,17:45
974,74,mon,15:00,16:15
975,74,wed,16:30,17:45
976,55,mon,18:00,18:50
977,82,tue,10:30,11:45
978,82,thu,10:30,11:45
979,82,tue,12:00,13:15
980,82,thu,12:00,13:15
981,73,mon,12:00,13:15
982,73,fri,10:30,11:45
983,64,tue,10:30,11:45
984,64,thu,10:30,11:45
985,75,wed,13:30,14:45
986,75,fri,13:30,14:45
987,82,tue,15:00,16:15
988,82,thu,15:00,16:15
989,82,wed,09:00,10:15
990,82,fri,09:00,10:15
991,75,wed,15:00,16:15
992,75,fri,15:00,16:15
993,82,tue,09:00,10:15
994,82,thu,09:00,10:15
995,75,mon,10:30,11:45
996,75,wed,12:00,13:15
997,78,tue,13:30,14:45
998,78,thu,13:30,14:45
999,77,mon,10:30,11:45
1000,77,wed,12:00,13:15
1001,32,mon,15:00,16:15
1002,32,wed,16:30,17:45
1003,38,tue,12:00,13:15
1004,38,thu,12:00,13:15
1005,38,tue,15:00,16:15
1006,38,thu,15:00,16:15
1007,31,wed,15:00,16:15
1008,31,fri,15:00,16:15
1009,29,wed,13:30,14:45
1010,29,fri,13:30,14:45
1011,28,tue,15:00,16:15
1012,28,thu,15:00,16:15
1013,30,tue,13:30,14:45
1014,30,thu,13:30,14:45
1015,26,tue,09:00,10:15
1016,26,thu,09:00,10:15
1017,26,tue,12:00,13:15
1018,26,thu,12:00,13:15
1019,20,mon,12:00,13:15
1020,20,fri,10:30,11:45
1021,32,mon,10:30,11:45
1022,32,wed,12:00,13:15
1023,29,mon,15:00,16:15
1024,29,wed,16:30,17:45
1025,30,mon,13:30,14:45
1026,30,fri,12:00,13:15
1027,38,tue,10:30,11:45
1028,38,thu,10:30,11:45
1029,37,thu,16:30,19:15
1030,27,wed,10:30,13:15
1031,103,tue,12:00,13:15
1032,103,thu,12:00,13:15
1033,157,wed,13:30,14:45
1034,157,fri,13:30,14:45
1035,157,mon,10:30,11:45
1036,157,wed,12:00,13:15
1037,157,tue,15:00,16:15
1038,157,thu,15:00,16:15
1039,13,mon,09:00,10:15
1040,13,wed,10:30,11:45
1041,88,tue,13:30,14:45
1042,88,thu,13:30,14:45
1043,158,tue,15:00,20:50
1044,13,wed,13:30,14:45
1045,13,fri,13:30,14:45
1046,12,mon,10:30,11:45
1047,12,wed,12:00,13:15
1048,15,mon,15:00,20:50
1049,15,tue,15:00,20:50
1050,15,wed,15:00,20:50
1051,15,thu,15:00,20:50
1052,15,fri,15:00,20:50
1053,19,mon,09:00,10:15
1054,19,wed,10:30,11:45
1055,7,tue,12:00,13:15
1056,7,thu,12:00,13:15
1057,13,tue,09:00,10:15
1058,13,thu,09:00,10:15
1059,13,tue,10:30,11:45
1060,13,thu,10:30,11:45
1061,5,tue,16:30,17:45
1062,5,thu,16:30,17:45
1063,88,tue,15:00,16:15
1064,88,thu,15:00,16:15
1065,12,tue,10:30,11:45
1066,12,thu,10:30,11:45
1067,5,tue,13:30,14:45
1068,5,thu,13:30,14:45
1069,6,mon,09:00,10:15
1070,6,wed,10:30,11:45
1071,4,mon,10:30,11:45
1072,4,wed,12:00,13:15
1073,151,mon,09:00,10:15
1074,151,wed,10:30,11:45
1075,158,mon,15:00,20:50
1076,158,wed,15:00,20:50
1077,158,thu,15:00,20:50
1078,158,fri,15:00,20:50
1079,11,tue,10:30,11:45
1080,11,thu,10:30,11:45
1081,11,tue,12:00,13:15
1082,11,thu,12:00,13:15
1083,12,wed,13:30,14:45
1084,12,fri,13:30,14:45
1085,6,wed,15:00,16:15
1086,6,fri,15:00,16:15
1087,11,wed,15:00,16:15
1088,11,fri,15:00,16:15
1089,156,wed,16:30,17:45
1090,156,fri,16:30,17:45
1091,16,tue,13:30,14:45
1092,16,thu,13:30,14:45
1093,16,tue,15:00,16:15
1094,16,thu,15:00,16:15
1095,57,tue,18:00,20:45
1096,51,thu,16:30,19:15
1097,37,wed,09:00,10:15
1098,37,fri,09:00,10:15
1099,169,tue,10:30,11:45
1100,169,thu,10:30,11:45
1101,169,mon,10:30,11:45
1102,169,wed,12:00,13:15
1103,169,tue,09:00,10:15
1104,169,thu,09:00,10:15
1105,175,tue,15:00,16:15
1106,175,thu,15:00,16:15
1107,169,tue,13:30,14:45
1108,169,thu,13:30,14:45
1109,160,tue,15:00,16:15
1110,160,thu,15:00,16:15
1111,5,mon,10:30,11:45
1112,5,wed,12:00,13:15
1113,160,tue,10:30,11:45
1114,160,thu,10:30,11:45
1115,5,mon,09:00,10:15
1116,5,wed,10:30,11:45
1117,12,mon,12:00,13:15
1118,12,fri,10:30,11:45
1119,6,mon,10:30,11:45
1120,6,wed,12:00,13:15
1121,5,wed,13:30,14:45
1122,5,fri,13:30,14:45
1123,12,tue,09:00,10:15
1124,12,thu,09:00,10:15
1125,159,mon,16:30,22:15
1126,159,thu,16:30,22:15
1127,14,wed,15:00,19:15
1128,6,tue,12:00,13:15
1129,6,thu,12:00,13:15
1130,14,mon,09:00,10:15
1131,14,wed,10:30,11:45
1132,4,mon,13:30,14:45
1133,4,fri,12:00,13:15
1134,6,tue,13:30,14:45
1135,6,thu,13:30,14:45
1136,11,tue,15:00,16:15
1137,11,thu,15:00,16:15
1138,4,tue,10:30,11:45
1139,4,thu,10:30,11:45
1140,101,mon,15:00,16:15
1141,101,wed,16:30,17:45
1142,101,tue,16:30,17:45
1143,101,thu,16:30,17:45
1144,7,wed,13:30,14:45
1145,7,fri,13:30,14:45
1146,8,sat,13:00,18:45
1147,10,sat,13:00,18:45
1148,9,sat,13:00,18:45
1149,13,tue,12:00,13:15
1150,13,thu,12:00,13:15
1151,7,mon,13:30,14:45
1152,7,fri,12:00,13:15
1153,11,mon,15:00,16:15
1154,11,wed,16:30,17:45
1155,11,tue,16:30,19:15
1156,7,mon,12:00,13:15
1157,7,fri,10:30,11:45
1158,11,mon,16:30,19:15
1159,13,fri,16:30,17:45
1160,86,wed,10:30,11:45
1161,86,fri,10:30,11:45
1162,86,mon,10:30,11:45
1163,86,wed,09:00,10:15
1164,92,mon,10:30,11:45
1165,92,wed,12:00,13:15
1166,107,tue,10:30,11:45
1167,107,thu,10:30,11:45
1168,79,mon,09:00,10:15
1169,79,wed,10:30,11:45
1170,80,tue,12:00,13:15
1171,80,thu,12:00,13:15
1172,67,tue,10:30,11:45
1173,67,thu,10:30,11:45
1174,82,wed,15:00,16:15
1175,82,fri,15:00,16:15
1176,48,mon,15:00,16:15
1177,48,wed,16:30,17:45
1178,67,tue,15:00,16:15
1179,67,thu,15:00,16:15
1180,71,tue,16:30,17:45
1181,71,thu,16:30,17:45
1182,80,mon,10:30,11:45
1183,80,wed,12:00,13:15
1184,73,mon,16:30,17:45
1185,73,fri,16:30,17:45
1186,67,tue,13:30,14:45
1187,67,thu,13:30,14:45
1188,74,wed,09:00,10:15
1189,74,fri,09:00,10:15
1190,74,tue,09:00,10:15
1191,74,thu,09:00,10:15
1192,81,mon,12:00,13:15
1193,81,fri,10:30,11:45
1194,73,mon,13:30,14:45
1195,73,fri,12:00,13:15
1196,82,wed,13:30,14:45
1197,82,fri,13:30,14:45
1198,52,wed,10:00,13:00
1199,81,mon,15:00,16:15
1200,81,wed,16:30,17:45
1201,66,mon,13:30,14:45
1202,66,fri,12:00,13:15
1203,80,wed,13:30,14:45
1204,80,fri,13:30,14:45
1205,79,mon,13:30,14:45
1206,79,fri,12:00,13:15
1207,79,mon,10:30,11:45
1208,79,wed,12:00,13:15
1209,73,tue,13:30,14:45
1210,73,thu,13:30,14:45
1211,68,wed,13:30,14:45
1212,68,fri,13:30,14:45
1213,80,mon,12:00,13:15
1214,80,fri,10:30,11:45
1215,81,tue,10:30,11:45
1216,81,thu,10:30,11:45
1217,81,mon,10:30,11:45
1218,81,wed,12:00,13:15
1219,79,tue,16:30,17:45
1220,79,thu,16:30,17:45
1221,79,tue,10:30,11:45
1222,79,thu,10:30,11:45
1223,58,tue,13:30,16:30
1224,50,wed,15:00,18:00
1225,23,wed,09:00,10:15
1226,23,fri,09:00,10:15
1227,24,tue,09:00,10:15
1228,24,thu,09:00,10:15
1229,24,wed,15:00,16:15
1230,24,fri,15:00,16:15
1231,24,tue,12:00,13:15
1232,24,thu,12:00,13:15
1233,28,mon,10:30,11:45
1234,28,wed,12:00,13:15
1235,37,mon,13:30,14:45
1236,37,fri,12:00,13:15
1237,24,tue,10:30,11:45
1238,24,thu,10:30,11:45
1239,32,tue,16:30,17:45
1240,32,thu,16:30,17:45
1241,24,tue,13:30,14:45
1242,24,thu,13:30,14:45
1243,25,tue,09:00,10:15
1244,25,thu,09:00,10:15
1245,23,tue,15:00,16:15
1246,23,thu,15:00,16:15
1247,24,tue,15:00,16:15
1248,24,thu,15:00,16:15
1249,31,tue,10:30,11:45
1250,31,thu,10:30,11:45
1251,24,mon,10:30,11:45
1252,24,wed,12:00,13:15
1253,25,mon,09:00,10:15
1254,25,wed,10:30,11:45
1255,25,wed,15:00,16:15
1256,25,fri,15:00,16:15
1257,96,tue,10:30,11:45
1258,96,thu,10:30,11:45
1259,98,mon,16:30,17:45
1260,98,fri,16:30,17:45
1261,88,mon,12:00,13:15
1262,88,fri,10:30,11:45
1263,97,wed,09:00,10:15
1264,97,fri,09:00,10:15
1265,96,tue,16:30,17:45
1266,96,thu,16:30,17:45
1267,105,wed,13:30,14:45
1268,105,fri,13:30,14:45
1269,72,tue,09:00,10:15
1270,72,thu,09:00,10:15
1271,106,mon,15:00,16:15
1272,106,wed,16:30,17:45
1273,98,wed,15:00,16:15
1274,98,fri,15:00,16:15
1275,48,tue,12:00,13:15
1276,48,thu,12:00,13:15
1277,90,wed,13:30,14:45
1278,90,fri,13:30,14:45
1279,97,tue,13:30,14:45
1280,97,thu,13:30,14:45
1281,109,tue,10:30,11:45
1282,109,thu,10:30,11:45
1283,90,mon,12:00,13:15
1284,90,fri,10:30,11:45
1285,70,tue,16:30,17:45
1286,70,thu,16:30,17:45
1287,99,mon,13:30,14:45
1288,99,fri,12:00,13:15
1289,67,wed,09:00,10:15
1290,67,fri,09:00,10:15
1291,46,mon,09:00,10:15
1292,46,wed,10:30,11:45
1293,47,tue,10:30,11:45
1294,47,thu,10:30,11:45
1295,49,mon,12:00,13:15
1296,49,fri,10:30,11:45
1297,46,tue,16:30,17:45
1298,46,thu,16:30,17:45
1299,46,wed,15:00,16:15
1300,46,fri,15:00,16:15
1301,46,mon,13:30,14:45
1302,46,fri,12:00,13:15
1303,46,tue,12:00,13:15
1304,46,thu,12:00,13:15
1305,47,tue,09:00,10:15
1306,47,thu,09:00,10:15
1307,46,wed,13:30,14:45
1308,46,fri,13:30,14:45
1309,46,mon,12:00,13:15
1310,46,fri,10:30,11:45
1311,49,mon,15:00,16:15
1312,49,wed,16:30,17:45
1313,46,tue,13:30,14:45
1314,46,thu,13:30,14:45
1315,49,tue,10:30,11:45
1316,49,thu,10:30,11:45
1317,47,tue,15:00,16:15
1318,47,thu,15:00,16:15
1319,46,mon,15:00,16:15
1320,46,wed,16:30,17:45
1321,46,mon,10:30,11:45
1322,46,wed,12:00,13:15
1323,47,tue,16:30,17:45
1324,47,thu,16:30,17:45
1325,46,mon,16:30,17:45
1326,46,fri,16:30,17:45
1327,49,mon,10:30,11:45
1328,49,wed,12:00,13:15
1329,49,tue,16:30,17:45
1330,49,thu,16:30,17:45
1331,47,mon,16:30,17:45
1332,47,fri,16:30,17:45
1333,61,tue,16:30,17:45
1334,61,thu,16:30,17:45
1335,55,mon,09:00,10:15
1336,55,wed,10:30,11:45
1337,53,tue,09:00,10:15
1338,53,thu,09:00,10:15
1339,54,mon,10:30,11:45
1340,54,wed,12:00,13:15
1341,53,tue,10:30,11:45
1342,53,thu,10:30,11:45
1343,51,tue,12:00,13:15
1344,51,thu,12:00,13:15
1345,33,tue,12:00,13:15
1346,33,thu,12:00,13:15
1347,36,mon,12:00,13:15
1348,36,fri,10:30,11:45
1349,77,tue,13:30,14:45
1350,77,thu,13:30,14:45
1351,55,mon,13:30,14:45
1352,55,fri,12:00,13:15
1353,33,tue,15:00,16:15
1354,33,thu,15:00,16:15
1355,53,wed,13:30,14:45
1356,53,fri,13:30,14:45
1357,53,tue,13:30,14:45
1358,53,thu,13:30,14:45
1359,53,wed,09:00,10:15
1360,53,fri,09:00,10:15
1361,54,mon,09:00,10:15
1362,54,wed,10:30,11:45
1363,55,wed,13:30,14:45
1364,55,fri,13:30,14:45
1365,51,mon,15:00,16:15
1366,51,wed,16:30,17:45
1367,55,wed,15:00,16:15
1368,55,fri,15:00,16:15
1369,54,mon,15:00,16:15
1370,54,wed,16:30,17:45
1371,77,tue,10:30,11:45
1372,77,thu,10:30,11:45
1373,53,wed,15:00,16:15
1374,53,fri,15:00,16:15
1375,51,wed,09:00,10:15
1376,51,fri,09:00,10:15
1377,77,tue,09:00,10:15
1378,77,thu,09:00,10:15
1379,51,mon,09:00,10:15
1380,51,wed,10:30,11:45
1381,51,tue,10:30,11:45
1382,51,thu,10:30,11:45
1383,55,tue,12:00,13:15
1384,55,thu,12:00,13:15
1385,33,wed,13:30,14:45
1386,33,fri,13:30,14:45
1387,69,mon,13:30,14:45
1388,69,mon,16:30,18:00
1389,69,mon,13:30,14:45
1390,69,mon,18:00,19:30
1391,69,tue,13:30,14:45
1392,69,tue,16:30,18:00
1393,69,tue,13:30,14:45
1394,69,tue,18:00,19:30
1395,69,thu,16:30,18:00
1396,69,fri,12:00,13:15
1397,69,thu,18:00,19:30
1398,69,fri,12:00,13:15
1399,98,mon,12:00,13:15
1400,98,fri,10:30,11:45
1401,103,wed,09:00,10:15
1402,103,fri,09:00,10:15
1403,56,tue,12:00,13:15
1404,56,thu,12:00,13:15
1405,45,tue,16:30,17:45
1406,45,thu,16:30,17:45
1407,45,mon,09:00,10:15
1408,45,wed,10:30,11:45
1409,100,wed,15:00,16:15
1410,100,fri,15:00,16:15
1411,56,mon,13:30,14:45
1412,56,fri,12:00,13:15
1413,102,wed,13:30,14:45
1414,102,fri,13:30,14:45
1415,56,wed,09:00,10:15
1416,56,fri,09:00,10:15
1417,72,wed,09:00,10:15
1418,72,fri,09:00,10:15
1419,45,wed,13:30,14:45
1420,45,fri,13:30,14:45
1421,96,tue,12:00,13:15
1422,96,thu,12:00,13:15
1423,89,tue,10:30,11:45
1424,89,thu,10:30,11:45
1425,103,mon,13:30,14:45
1426,103,fri,12:00,13:15
1427,49,tue,12:00,13:15
1428,49,thu,12:00,13:15
1429,20,tue,13:30,14:45
1430,20,thu,13:30,14:45
1431,101,mon,12:00,13:15
1432,101,fri,10:30,11:45
1433,112,wed,13:30,14:45
1434,112,fri,13:30,14:45
1435,66,tue,16:30,17:45
1436,66,thu,16:30,17:45
1437,100,tue,13:30,14:45
1438,100,thu,13:30,14:45
1439,99,tue,16:30,17:45
1440,99,thu,16:30,17:45
1441,66,wed,13:30,14:45
1442,66,fri,13:30,14:45
1443,124,wed,13:30,14:45
1444,124,fri,13:30,14:45
1445,90,tue,10:30,11:45
1446,90,thu,10:30,11:45
1447,22,wed,15:00,16:15
1448,22,fri,15:00,16:15
1449,111,tue,12:00,13:15
1450,111,thu,12:00,13:15
1451,112,mon,10:30,11:45
1452,112,wed,12:00,13:15
1453,28,mon,12:00,13:15
1454,28,fri,10:30,11:45
1455,99,wed,15:00,16:15
1456,99,fri,15:00,16:15
1457,111,tue,15:00,16:15
1458,111,thu,15:00,16:15
1459,56,tue,13:30,14:45
1460,56,thu,13:30,14:45
1461,114,tue,10:30,11:45
1462,114,thu,10:30,11:45
1463,109,mon,10:30,11:45
1464,109,wed,12:00,13:15
1465,64,tue,15:00,16:15
1466,64,thu,15:00,16:15
1467,32,fri,15:00,16:50
1468,32,tue,15:00,16:15
1469,32,thu,15:00,16:15
1470,66,tue,15:00,16:15
1471,66,thu,15:00,16:15
1472,117,tue,09:00,10:50
1473,123,wed,10:30,12:20
1474,130,thu,13:30,15:20
1475,45,mon,16:30,18:20
1476,56,wed,10:30,12:20
1477,56,mon,16:30,19:15
1478,89,tue,15:00,16:15
1479,170,mon,13:30,14:20
1480,170,fri,12:00,12:50
1481,69,wed,15:00,17:45
1482,107,thu,16:30,17:45
1483,60,mon,12:00,13:15
1484,60,fri,10:30,11:45
1485,56,mon,15:00,16:15
1486,56,wed,16:30,17:45
1487,171,mon,13:30,16:15
1488,89,wed,10:30,13:15
1489,100,thu,15:00,17:45
1490,89,mon,12:00,14:45
1491,38,fri,15:00,17:45
1492,175,tue,13:30,14:45
1493,175,thu,13:30,14:45
1494,160,mon,16:30,17:45
1495,160,fri,16:30,17:45
1496,37,tue,16:30,19:15
1497,119,tue,13:30,16:15
1498,35,fri,09:00,11:45
1499,64,mon,15:00,16:15
1500,64,wed,16:30,17:45
1501,112,mon,13:30,14:45
1502,112,fri,12:00,13:15
1503,72,tue,15:00,17:45
1504,66,mon,10:30,11:45
1505,66,wed,12:00,13:15
1506,68,tue,09:00,10:15
1507,68,thu,09:00,10:15
1508,66,mon,15:00,16:15
1509,66,wed,16:30,17:45
1510,79,wed,15:00,16:15
1511,79,fri,15:00,16:15
1512,79,tue,13:30,14:45
1513,79,thu,13:30,14:45
1514,63,wed,13:30,14:45
1515,63,fri,13:30,14:45
1516,66,mon,09:00,10:15
1517,66,wed,10:30,11:45
1518,61,tue,13:30,14:45
1519,61,thu,13:30,14:45
1520,67,wed,15:00,16:15
1521,67,fri,15:00,16:15
1522,63,tue,16:30,17:45
1523,63,thu,16:30,17:45
1524,64,mon,13:30,14:45
1525,64,fri,12:00,13:15
1526,63,mon,12:00,13:15
1527,63,fri,10:30,11:45
1528,68,tue,15:00,16:15
1529,68,thu,15:00,16:15
1530,67,mon,09:00,10:15
1531,67,wed,10:30,11:45
1532,66,tue,10:30,11:45
1533,66,thu,10:30,11:45
1534,66,mon,12:00,13:15
1535,66,fri,10:30,11:45
1536,66,tue,12:00,13:15
1537,66,thu,12:00,13:15
1538,62,mon,15:00,16:15
1539,62,wed,16:30,17:45
1540,63,wed,15:00,16:15
1541,63,fri,15:00,16:15
1542,66,wed,09:00,10:15
1543,66,fri,09:00,10:15
1544,66,tue,13:30,14:45
1545,66,thu,13:30,14:45
1546,67,mon,12:00,13:15
1547,67,fri,10:30,11:45
1548,67,mon,15:00,16:15
1549,67,wed,16:30,17:45
1550,34,mon,12:00,13:15
1551,34,fri,10:30,11:45
1552,34,mon,13:30,14:45
1553,34,fri,12:00,13:15
1554,36,mon,13:30,14:45
1555,36,fri,12:00,13:15
1556,63,tue,10:30,11:45
1557,63,thu,10:30,11:45
1558,61,tue,15:00,16:15
1559,61,thu,15:00,16:15
1560,63,mon,10:30,11:45
1561,63,wed,12:00,13:15
1562,31,mon,10:30,11:45
1563,31,wed,12:00,13:15
1564,71,tue,09:00,10:15
1565,71,thu,09:00,10:15
1566,48,tue,10:30,11:45
1567,48,thu,10:30,11:45
1568,129,tue,13:30,14:45
1569,129,thu,13:30,14:45
1570,23,fri,13:30,16:15
1571,51,tue,15:00,16:15
1572,51,thu,15:00,16:15
1573,51,wed,15:00,16:15
1574,51,fri,15:00,16:15
1575,53,mon,09:00,10:15
1576,53,wed,10:30,11:45
1577,53,mon,10:30,11:45
1578,53,wed,12:00,13:15
1579,49,tue,13:30,14:45
1580,49,thu,13:30,14:45
1581,165,wed,13:30,14:45
1582,165,fri,13:30,14:45
1583,165,wed,15:00,16:15
1584,165,fri,15:00,16:15
1585,116,tue,15:00,16:15
1586,116,thu,15:00,16:15
1587,127,tue,12:00,13:15
1588,127,thu,12:00,13:15
1589,49,tue,15:00,16:15
1590,49,thu,15:00,16:15
1591,56,tue,09:00,11:45
1592,56,thu,09:00,11:45
1593,168,tue,09:00,11:45
1594,168,thu,09:00,11:45
1595,24,wed,09:00,10:15
1596,24,fri,09:00,10:15
1597,37,tue,12:00,13:15
1598,37,thu,12:00,13:15
1599,88,mon,13:30,14:45
1600,88,fri,12:00,13:15
1601,37,tue,10:30,11:45
1602,37,thu,10:30,11:45
1603,30,wed,13:30,14:45
1604,30,fri,13:30,14:45
1605,39,tue,10:30,11:45
1606,39,thu,10:30,11:45
1607,113,tue,12:00,13:15
1608,113,thu,12:00,13:15
1609,38,fri,10:30,13:15
1610,37,mon,16:30,19:15
1611,38,mon,15:00,17:45
1612,22,fri,16:30,19:15
1613,21,wed,13:30,16:15
1614,129,mon,16:30,17:45
1615,129,fri,16:30,17:45
1616,128,mon,10:30,11:45
1617,128,wed,12:00,13:15
1618,48,tue,13:30,14:45
1619,48,thu,13:30,14:45
1620,21,tue,15:00,16:15
1621,21,thu,15:00,16:15
1622,37,tue,15:00,16:15
1623,37,thu,15:00,16:15
1624,62,tue,15:00,16:15
1625,62,thu,15:00,16:15
1626,28,wed,15:00,16:15
1627,28,fri,15:00,16:15
1628,20,wed,09:00,10:15
1629,20,fri,09:00,10:15
1630,30,mon,12:00,13:15
1631,30,fri,10:30,11:45
1632,110,tue,10:30,11:45
1633,110,thu,10:30,11:45
1634,109,tue,13:30,16:15
1635,31,tue,13:30,14:45
1636,31,thu,13:30,14:45
1637,20,wed,10:30,12:20
1638,89,tue,13:30,14:45
1639,89,thu,13:30,14:45
1640,102,tue,15:00,16:15
1641,102,thu,15:00,16:15
1642,98,wed,13:30,14:45
1643,98,fri,13:30,14:45
1644,105,mon,13:30,14:45
1645,105,fri,12:00,13:15
1646,96,mon,09:00,10:15
1647,96,wed,10:30,11:45
1648,165,tue,09:00,10:15
1649,165,thu,09:00,10:15
1650,110,tue,13:30,14:45
1651,110,thu,13:30,14:45
1652,105,tue,15:00,16:15
1653,105,thu,15:00,16:15
1654,98,wed,09:00,10:15
1655,98,fri,09:00,10:15
1656,167,tue,10:30,11:45
1657,167,thu,10:30,11:45
1658,162,wed,09:00,10:15
1659,162,fri,09:00,10:15
1660,105,mon,09:00,10:15
1661,105,wed,10:30,11:45
1662,166,mon,10:30,11:45
1663,166,wed,12:00,13:15
1664,105,mon,12:00,13:15
1665,105,fri,10:30,11:45
1666,98,mon,13:30,14:45
1667,98,fri,12:00,13:15
1668,105,mon,15:00,16:15
1669,105,wed,16:30,17:45
1670,105,tue,09:00,10:15
1671,105,thu,09:00,10:15
1672,166,tue,12:00,13:15
1673,166,thu,12:00,13:15
1674,162,tue,13:30,14:45
1675,162,thu,13:30,14:45
1676,162,tue,15:00,16:15
1677,162,thu,15:00,16:15
1678,88,mon,15:00,16:15
1679,88,wed,16:30,17:45
1680,3,tue,12:00,13:15
1681,3,thu,12:00,13:15
1682,2,mon,12:00,13:15
1683,2,fri,10:30,11:45
1684,3,mon,13:30,14:45
1685,3,fri,12:00,13:15
1686,3,wed,09:00,10:15
1687,3,fri,09:00,10:15
1688,93,mon,09:00,10:15
1689,93,wed,10:30,11:45
1690,90,mon,10:30,11:45
1691,90,wed,12:00,13:15
1692,96,tue,13:30,14:45
1693,96,thu,13:30,14:45
1694,96,wed,15:00,17:45
1695,100,mon,09:00,10:15
1696,100,wed,10:30,11:45
1697,103,tue,10:30,11:45
1698,103,thu,10:30,11:45
1699,62,mon,12:00,13:15
1700,62,fri,10:30,11:45
1701,47,mon,09:00,10:15
1702,47,wed,10:30,11:45
1703,49,tue,09:00,10:15
1704,49,thu,09:00,10:15
1705,47,mon,10:30,11:45
1706,47,wed,12:00,13:15
1707,46,tue,10:30,11:45
1708,46,thu,10:30,11:45
1709,47,wed,13:30,14:45
1710,47,fri,13:30,14:45
1711,46,tue,15:00,16:15
1712,46,thu,15:00,16:15
1713,47,mon,12:00,13:15
1714,47,fri,10:30,11:45
1715,47,tue,13:30,14:45
1716,47,thu,13:30,14:45
1717,47,mon,15:00,16:15
1718,47,wed,16:30,17:45
1719,49,wed,13:30,14:45
1720,49,fri,13:30,14:45
1721,55,tue,09:00,10:15
1722,55,thu,09:00,10:15
1723,51,mon,10:30,11:45
1724,51,wed,12:00,13:15
1725,36,tue,10:30,11:45
1726,36,thu,10:30,11:45
1727,55,tue,10:30,11:45
1728,55,thu,10:30,11:45
1729,36,tue,12:00,13:15
1730,36,thu,12:00,13:15
1731,53,tue,12:00,13:15
1732,53,thu,12:00,13:15
1733,55,tue,13:30,14:45
1734,55,thu,13:30,14:45
1735,54,mon,13:30,14:45
1736,54,fri,12:00,13:15
1737,55,tue,15:00,16:15
1738,55,thu,15:00,16:15
1739,33,wed,15:00,16:15
1740,33,fri,15:00,16:15
1741,53,tue,15:00,16:15
1742,53,thu,15:00,16:15
1743,51,wed,13:30,14:45
1744,51,fri,13:30,14:45
1745,33,tue,13:30,14:45
1746,33,thu,13:30,14:45
1747,54,wed,15:00,16:15
1748,54,fri,15:00,16:15
1749,61,mon,10:30,11:45
1750,61,wed,12:00,13:15
1751,53,mon,13:30,14:45
1752,53,fri,12:00,13:15
1753,53,mon,12:00,13:15
1754,53,fri,10:30,11:45
1755,60,mon,10:30,11:45
1756,60,wed,12:00,13:15
1757,60,mon,15:00,16:50
1758,67,tue,16:30,18:20
1759,59,tue,13:30,14:20
1760,59,thu,13:30,14:20
1761,59,tue,10:30,11:20
1762,59,thu,10:30,11:20
1763,60,mon,09:00,09:50
1764,60,wed,10:30,11:20
1765,60,tue,13:30,14:20
1766,60,thu,13:30,14:20
1767,53,mon,16:30,18:20
1768,61,mon,15:00,16:50
1769,68,tue,16:30,18:20
1770,75,tue,09:00,10:15
1771,75,thu,09:00,10:15
1772,73,tue,15:00,16:15
1773,73,thu,15:00,16:15
1774,67,tue,12:00,13:15
1775,67,thu,12:00,13:15
1776,82,mon,09:00,10:15
1777,82,wed,10:30,11:45
1778,60,wed,15:00,17:45
1779,65,thu,15:00,17:45
1780,71,tue,10:30,11:45
1781,71,thu,10:30,11:45
1782,47,mon,13:30,14:45
1783,47,fri,12:00,13:15
1784,28,tue,10:30,11:45
1785,28,thu,10:30,11:45
1786,28,tue,12:00,13:15
1787,28,thu,12:00,13:15
1788,82,tue,09:00,10:15
1789,82,thu,09:00,10:15
1790,23,wed,13:30,16:15
1791,60,tue,15:00,16:15
1792,60,thu,15:00,16:15
1793,25,mon,10:30,11:45
1794,25,wed,12:00,13:15
1795,164,fri,15:00,17:45
1796,11,mon,15:00,16:15
1797,11,wed,16:30,17:45
1798,94,tue,09:00,10:15
1799,94,thu,09:00,10:15
1800,17,wed,15:00,17:45
1801,91,tue,12:00,13:15
1802,91,thu,12:00,13:15
1803,90,tue,16:30,19:15
1804,87,tue,13:30,16:15
1805,107,fri,10:30,12:20
1806,116,wed,12:00,13:50
1807,107,mon,15:00,16:50
1808,103,wed,13:30,15:20
1809,116,tue,12:00,13:50
1810,103,tue,15:00,16:50
1811,48,tue,15:00,16:15
1812,48,thu,15:00,16:15
1813,23,tue,10:30,11:45
1814,23,thu,10:30,11:45
1815,23,mon,15:00,16:15
1816,23,wed,16:30,17:45
1817,171,tue,13:30,14:45
1818,171,thu,13:30,14:45
1819,171,tue,12:00,13:15
1820,171,thu,12:00,13:15
1821,172,mon,10:30,11:45
1822,172,wed,12:00,13:15
1823,31,fri,16:30,19:15
1824,171,wed,15:00,16:15
1825,171,fri,15:00,16:15
1826,170,thu,16:30,19:15
1827,170,mon,10:30,11:45
1828,170,wed,12:00,13:15
1829,171,mon,10:30,11:45
1830,171,wed,12:00,13:15
1831,169,fri,15:00,17:45
1832,174,wed,13:30,14:45
1833,174,fri,13:30,14:45
1834,174,tue,10:30,11:45
1835,174,thu,10:30,11:45
1836,174,tue,09:00,10:15
1837,174,thu,09:00,10:15
1838,21,mon,13:30,14:45
1839,21,fri,12:00,13:15
1840,173,wed,15:00,16:15
1841,173,fri,15:00,16:15
1842,173,tue,15:00,16:15
1843,173,thu,15:00,16:15
1844,173,tue,13:30,14:45
1845,173,thu,13:30,14:45
1846,173,tue,16:30,17:45
1847,173,thu,16:30,17:45
1848,174,mon,16:30,17:45
1849,174,fri,16:30,17:45
1850,176,mon,15:00,16:15
1851,176,wed,16:30,17:45
1852,178,wed,16:30,19:15
1853,174,wed,15:00,16:15
1854,174,fri,15:00,16:15
1855,174,tue,15:00,16:15
1856,174,thu,15:00,16:15
1857,177,mon,16:30,19:15
1858,177,tue,10:30,11:45
1859,177,thu,10:30,11:45
1860,177,tue,15:00,16:15
1861,177,thu,15:00,16:15
1862,177,tue,13:30,14:45
1863,177,thu,13:30,14:45
1864,174,tue,16:30,17:45
1865,174,thu,16:30,17:45
1866,177,mon,13:30,14:45
1867,177,fri,12:00,13:15
1868,18,wed,13:30,14:45
1869,18,fri,13:30,14:45
1870,103,tue,13:30,14:45
1871,103,thu,13:30,14:45
1872,93,fri,15:00,17:45
1873,93,wed,15:00,17:45
1874,93,thu,15:00,17:45
1875,2,mon,15:00,17:45
1876,112,wed,15:00,16:15
1877,112,fri,15:00,16:15
1878,112,mon,15:00,16:15
1879,112,wed,16:30,17:45
1880,99,wed,13:30,14:45
1881,99,fri,13:30,14:45
1882,94,tue,10:30,11:45
1883,94,thu,10:30,11:45
1884,94,tue,13:30,14:45
1885,94,thu,13:30,14:45
1886,62,wed,13:30,14:45
1887,62,fri,13:30,14:45
1888,12,tue,15:00,16:15
1889,12,thu,15:00,16:15
1890,2,tue,16:30,17:45
1891,2,thu,16:30,17:45
1892,26,tue,10:30,11:45
1893,26,thu,10:30,11:45
1894,38,wed,15:00,17:45
1895,20,sat,09:00,11:45
1896,74,tue,16:30,17:45
1897,74,thu,16:30,17:45
1898,63,mon,13:30,14:45
1899,63,fri,12:00,13:15